short_desc,desc
record_created. Instance #1,POST_created_by_bernise_with_postman_viaRunCollection_with_CSV_datafile. Instance 1
record_created. Instance #2,POST_created_by_bernise_with_postman_viaRunCollection_with_CSV_datafile. Instance 2
record_created. Instance #3,POST_created_by_bernise_with_postman_viaRunCollection_with_CSV_datafile. Instance 3
record_created. Instance #4,POST_created_by_bernise_with_postman_viaRunCollection_with_CSV_datafile. Instance 4
record_created. Instance #5,POST_created_by_bernise_with_postman_viaRunCollection_with_CSV_datafile. Instance 5
record_created. Instance #6,POST_created_by_bernise_with_postman_viaRunCollection_with_CSV_datafile. Instance 6
record_created. Instance #7,POST_created_by_bernise_with_postman_viaRunCollection_with_CSV_datafile. Instance 7
record_created. Instance #8,POST_created_by_bernise_with_postman_viaRunCollection_with_CSV_datafile. Instance 8
record_created. Instance #9,POST_created_by_bernise_with_postman_viaRunCollection_with_CSV_datafile. Instance 9
record_created. Instance #10,POST_created_by_bernise_with_postman_viaRunCollection_with_CSV_datafile. Instance 10
record_created. Instance #11,POST_created_by_bernise_with_postman_viaRunCollection_with_CSV_datafile. Instance 11
record_created. Instance #12,POST_created_by_bernise_with_postman_viaRunCollection_with_CSV_datafile. Instance 12
record_created. Instance #13,POST_created_by_bernise_with_postman_viaRunCollection_with_CSV_datafile. Instance 13
record_created. Instance #14,POST_created_by_bernise_with_postman_viaRunCollection_with_CSV_datafile. Instance 14
record_created. Instance #15,POST_created_by_bernise_with_postman_viaRunCollection_with_CSV_datafile. Instance 15
record_created. Instance #16,POST_created_by_bernise_with_postman_viaRunCollection_with_CSV_datafile. Instance 16
record_created. Instance #17,POST_created_by_bernise_with_postman_viaRunCollection_with_CSV_datafile. Instance 17
record_created. Instance #18,POST_created_by_bernise_with_postman_viaRunCollection_with_CSV_datafile. Instance 18
record_created. Instance #19,POST_created_by_bernise_with_postman_viaRunCollection_with_CSV_datafile. Instance 19
record_created. Instance #20,POST_created_by_bernise_with_postman_viaRunCollection_with_CSV_datafile. Instance 20